Détails,Prix,Localisation,Image URL
Chiot Berger Allemand,350 000CFA,"location_onDiamniadio, Sénégal",https://images.coinafrique.com/thumb_5173038_uploaded_image1_1738846508.jpg
Chiot Chihuahua,150 000CFA,"location_onDiamniadio, Sénégal",https://images.coinafrique.com/thumb_5166882_uploaded_image1_1738583790.jpg
Chiot Husky,350 000CFA,"location_onSacré-Coeur, Dakar, Sénégal",https://images.coinafrique.com/thumb_5162631_uploaded_image1_1738336899.jpg
Chiot Rottweiler,350 000CFA,"location_onSacré-Coeur, Dakar, Sénégal",https://images.coinafrique.com/thumb_5161997_uploaded_image1_1738308372.jpg
Chiot,500 000CFA,"location_onYoff, Dakar, Sénégal",https://images.coinafrique.com/thumb_5159624_uploaded_image1_1738174976.jpg
Chiots Doberman,400 000CFA,"location_onHLM, Dakar, Sénégal",https://images.coinafrique.com/thumb_5158454_uploaded_image1_1738138116.jpg
Chien Rottewaler,300 000CFA,"location_onDakar Plateau, Dakar, Sénégal",https://images.coinafrique.com/thumb_5155571_uploaded_image1_1737992590.jpg
Chiot Husky,400 000CFA,"location_onSacré-Coeur, Dakar, Sénégal",https://images.coinafrique.com/thumb_5153382_uploaded_image1_1737859974.jpg
Chiots Berger Malinois,300CFA,"location_onThies, Sénégal",https://images.coinafrique.com/thumb_5151738_uploaded_image1_1737744308.jpg
Chiot Berger Malinois charboné,300CFA,"location_onThies, Sénégal",https://images.coinafrique.com/thumb_5151279_uploaded_image1_1737725407.jpg
Bichon,140 000CFA,"location_onMamelles, Dakar, Sénégal",https://images.coinafrique.com/thumb_5142846_uploaded_image1_1737318079.jpg
Chiot Labrador,Prix sur demande,"location_onMbao, Dakar, Sénégal",https://images.coinafrique.com/thumb_5136517_uploaded_image1_1736959572.jpg
Chiots Bichons,175 000CFA,"location_onMamelles, Dakar, Sénégal",https://images.coinafrique.com/thumb_5133780_uploaded_image1_1736845188.jpg
Chiot Berger Allemand,250 000CFA,"location_onDakar, Sénégal",https://images.coinafrique.com/thumb_5131922_uploaded_image1_1736729395.jpg
Bichon femelle vaccinée,150 000CFA,"location_onMamelles, Dakar, Sénégal",https://images.coinafrique.com/thumb_5131391_uploaded_image1_1736694346.jpg
Bichon femelle vaccinée,150 000CFA,"location_onMamelles, Dakar, Sénégal",https://images.coinafrique.com/thumb_5127870_uploaded_image1_1736462557.jpg
Chiot Berger Allemand,250 000CFA,"location_onSacré-Coeur, Dakar, Sénégal",https://images.coinafrique.com/thumb_5127074_uploaded_image1_1736431592.jpg
Chien,275CFA,"location_onDakar, Sénégal",https://images.coinafrique.com/thumb_5124976_uploaded_image1_1736338081.jpg
Chiot pitbull 4 mois,150 000CFA,"location_onSicap Liberté, Dakar, Sénégal",https://images.coinafrique.com/thumb_5123496_uploaded_image1_1736258658.jpg
Chiot Husky,Prix sur demande,"location_onDakar, Sénégal",https://images.coinafrique.com/thumb_5118298_uploaded_image1_1735944932.jpg
Chiot Bichon,140 000CFA,"location_onOuakam, Dakar, Sénégal",https://images.coinafrique.com/thumb_5114859_uploaded_image1_1735753685.jpg
Chiot Berger Allemand,210 000CFA,"location_onFann, Dakar, Sénégal",https://images.coinafrique.com/thumb_5114394_uploaded_image1_1735682024.jpg
Chiots dog canaries,Prix sur demande,"location_onKeur Massar, Sénégal",https://images.coinafrique.com/thumb_5112459_uploaded_image1_1735553703.jpg
bichon mâle adulte,120 000CFA,"location_onMamelles, Dakar, Sénégal",https://images.coinafrique.com/thumb_5110151_uploaded_image1_1735383035.jpg
Chiot,80 000CFA,"location_onOuakam, Dakar, Sénégal",https://images.coinafrique.com/thumb_5107152_uploaded_image1_1735162803.jpg
Chiot Bichon Maltais,Prix sur demande,"location_onMbao, Dakar, Sénégal",https://images.coinafrique.com/thumb_5104979_uploaded_image2_1734994461.jpeg
Berger allemand femelles,200 000CFA,"location_onSacré-Coeur, Dakar, Sénégal",https://images.coinafrique.com/thumb_5102655_uploaded_image1_1734829952.jpg
Berger allemand femelles,200 000CFA,"location_onSacré-Coeur, Dakar, Sénégal",https://images.coinafrique.com/thumb_5102644_uploaded_image1_1734828275.jpg
Chiot Bichon Maltais,Prix sur demande,"location_onMbao, Dakar, Sénégal",https://images.coinafrique.com/thumb_5090975_uploaded_image1_1734122480.jpg
Chiot Bichon Maltais,80 000CFA,"location_onSicap Liberté, Dakar, Sénégal",https://images.coinafrique.com/thumb_5085599_uploaded_image1_1733856381.jpg
Chiot Bichon Maltais,80 000CFA,"location_onSicap Liberté, Dakar, Sénégal",https://images.coinafrique.com/thumb_5085597_uploaded_image1_1733856273.jpg
Chiot Bichon Maltais,80 000CFA,"location_onSicap Liberté, Dakar, Sénégal",https://images.coinafrique.com/thumb_5085579_uploaded_image1_1733854971.jpg
Berger malinois,250 000CFA,"location_onMbao, Dakar, Sénégal",https://images.coinafrique.com/thumb_5078573_uploaded_image1_1733447779.jpg
Chiot Bichon Maltais,110 000CFA,"location_onSicap Liberté, Dakar, Sénégal",https://images.coinafrique.com/thumb_5074658_uploaded_image2_1733268730.jpeg
Femelle berger allemand 4 mois,Prix sur demande,"location_onDakar, Sénégal",https://images.coinafrique.com/thumb_5065991_uploaded_image1_1732805663.jpg
Bichons maltais d'italie,150 000CFA,"location_onThies, Sénégal",https://images.coinafrique.com/thumb_5060732_uploaded_image1_1732539220.jpg
Caniche mâle,650 000CFA,"location_onAlmadies 2, Dakar, Sénégal",https://images.coinafrique.com/thumb_5054275_uploaded_image1_1732162667.jpg
Chiot chihuahuas,250 000CFA,"location_onSicap Liberté, Dakar, Sénégal",https://images.coinafrique.com/thumb_5045245_uploaded_image1_1731667358.jpg
Chiot Rottweiler,300 000CFA,"location_onMbao, Dakar, Sénégal",https://images.coinafrique.com/thumb_5044649_uploaded_image1_1731627517.jpg
Chiot Berger Allemand,120 000CFA,"location_onMbao, Dakar, Sénégal",https://images.coinafrique.com/thumb_5040967_uploaded_image1_1731453566.jpg
Chiot Berger Malinois,250 000CFA,"location_onSacré-Coeur, Dakar, Sénégal",https://images.coinafrique.com/thumb_5038674_uploaded_image1_1731347918.jpg
Husky femelle,450 000CFA,"location_onSacré-Coeur, Dakar, Sénégal",https://images.coinafrique.com/thumb_5034883_uploaded_image1_1731128167.jpg
Chiot Husky,Prix sur demande,"location_onPoint E, Dakar, Sénégal",https://images.coinafrique.com/thumb_5028791_uploaded_image1_1730840222.jpg
Boerboel male,300 000CFA,"location_onSacré-Coeur, Dakar, Sénégal",https://images.coinafrique.com/thumb_5024103_uploaded_image1_1730603352.jpg
Chiot Berger Allemand,350 000CFA,"location_onGuediawaye, Dakar, Sénégal",https://images.coinafrique.com/thumb_5016564_uploaded_image1_1730217865.jpg
Chiots Berger Allemand,250 000CFA,"location_onSaint Louis, Sénégal",https://images.coinafrique.com/thumb_5013765_uploaded_image1_1730056659.jpg
Chiot Berger Allemand,250 000CFA,"location_onSacré-Coeur, Dakar, Sénégal",https://images.coinafrique.com/thumb_5008410_uploaded_image1_1729717858.jpg
Chiot Berger Allemand,130 000CFA,"location_onNiaga, Sénégal",https://images.coinafrique.com/thumb_5006641_uploaded_image1_1729624663.jpg
Chiot Rottweiler,250CFA,"location_onDakar, Sénégal",https://images.coinafrique.com/thumb_5004868_uploaded_image1_1729539442.jpg
Chiots labrador pure race,Prix sur demande,"location_onMbao, Dakar, Sénégal",https://images.coinafrique.com/thumb_5002785_uploaded_image1_1729429974.jpg
Chiots Bichon Maltais,Prix sur demande,"location_onDakar, Sénégal",https://images.coinafrique.com/thumb_5002622_uploaded_image1_1729418106.jpg
Chiot Berger Malinois,230 000CFA,"location_onMbour, Sénégal",https://images.coinafrique.com/thumb_4997477_uploaded_image1_1729105958.jpg
Berger allemand femelle,155 000CFA,"location_onDiamniadio, Sénégal",https://images.coinafrique.com/thumb_4996897_uploaded_image1_1729087539.jpg
Femelle berger allemand,160 000CFA,"location_onDiamniadio, Sénégal",https://images.coinafrique.com/thumb_4996884_uploaded_image1_1729086911.jpg
Chiot Bichon Maltais,300 000CFA,"location_onYoff, Dakar, Sénégal",https://images.coinafrique.com/thumb_4993670_uploaded_image1_1728931466.jpg
Chiot Boerboel,500 000CFA,"location_onSacré-Coeur, Dakar, Sénégal",https://images.coinafrique.com/thumb_4978052_uploaded_image1_1728097869.jpg
Chiot Berger Allemand,200 000CFA,"location_onDakar, Sénégal",https://images.coinafrique.com/thumb_4970950_uploaded_image1_1727800187.jpg
Chien,350 000CFA,"location_onKeur Massar, Sénégal",https://images.coinafrique.com/thumb_4969495_uploaded_image1_1727744912.jpg
Chiot Berger Malinois,200 000CFA,"location_onRufisque, Sénégal",https://images.coinafrique.com/thumb_4969271_uploaded_image1_1727731274.jpg
Bichon maltais pur race,180 000CFA,"location_onSicap Liberté, Dakar, Sénégal",https://images.coinafrique.com/thumb_4968565_uploaded_image1_1727702109.jpg
Bichon maltais,180 000CFA,"location_onSicap Liberté, Dakar, Sénégal",https://images.coinafrique.com/thumb_4968555_uploaded_image1_1727701801.jpg
berger malinois,300 000CFA,"location_onKeur Massar, Sénégal",https://images.coinafrique.com/thumb_4964122_uploaded_image1_1727408710.jpg
Chiots croisé Boer et Root,150 000CFA,"location_onCambérène, Dakar, Sénégal",https://images.coinafrique.com/thumb_4919750_uploaded_image1_1725108338.jpg
chiot boerboel,500 000CFA,"location_onMbour, Sénégal",https://images.coinafrique.com/thumb_4960771_uploaded_image1_1727238490.jpg
Chiot Bichon Havanais,80 000CFA,"location_onMermoz-Sacré Coeur, Dakar, Sénégal",https://images.coinafrique.com/thumb_4955373_uploaded_image1_1726948506.jpg
Chiot Bichon Maltais,120 000CFA,"location_onMbao, Dakar, Sénégal",https://images.coinafrique.com/thumb_4953991_uploaded_image1_1726857246.jpg
Chiot Labrador,Prix sur demande,"location_onMbao, Dakar, Sénégal",https://images.coinafrique.com/thumb_4953869_uploaded_image1_1726851193.jpg
Chiot Bichon,120 000CFA,"location_onSacré-Coeur, Dakar, Sénégal",https://images.coinafrique.com/thumb_4951836_uploaded_image1_1726753152.jpg
Chiot Boerboel,250 000CFA,"location_onDakar, Sénégal",https://images.coinafrique.com/thumb_4951796_uploaded_image1_1726751862.jpg
Chiots Pitbull,200 000CFA,"location_onDakar, Sénégal",https://images.coinafrique.com/thumb_4951773_uploaded_image1_1726751081.jpg
Chiot chihuahua,390 000CFA,"location_onNgaparou, Sénégal",https://images.coinafrique.com/thumb_4946002_uploaded_image1_1726441968.jpg
Chiot Berger Allemand,100 000CFA,"location_onThies, Sénégal",https://images.coinafrique.com/thumb_4943304_uploaded_image1_1726252041.jpg
Couple de chiot de race,75 000CFA,"location_onNgor, Dakar, Sénégal",https://images.coinafrique.com/thumb_4937044_uploaded_image1_1725971142.jpg
Chiot Bichon,180 000CFA,"location_onMamelles, Dakar, Sénégal",https://images.coinafrique.com/thumb_4935684_uploaded_image1_1725899364.jpg
Lolou de pomeranien,700 000CFA,"location_onDakar, Sénégal",https://images.coinafrique.com/thumb_4934169_uploaded_image1_1725812855.jpg
Chiot bichon Maltais,150 000CFA,"location_onKeur Massar, Sénégal",https://images.coinafrique.com/thumb_4934038_uploaded_image1_1725809065.jpg
Chiot Rottweiler,120 000CFA,"location_onSacré-Coeur, Dakar, Sénégal",https://images.coinafrique.com/thumb_4925778_uploaded_image1_1725391613.jpg
Chiot Rottweiler,300 000CFA,"location_onThies, Sénégal",https://images.coinafrique.com/thumb_4920593_uploaded_image1_1725147642.jpg
Cane Corso de 4 mois,450 000CFA,"location_onSicap Liberté, Dakar, Sénégal",https://images.coinafrique.com/thumb_4919921_uploaded_image1_1725115686.jpg
Chiot Bichon,160 000CFA,"location_onKeur Massar, Sénégal",https://images.coinafrique.com/thumb_4912455_uploaded_image1_1724702150.jpg
Berger Malinois,200 000CFA,"location_onDakar, Sénégal",https://images.coinafrique.com/thumb_4910751_uploaded_image1_1724605148.jpg
Boerboel,400 000CFA,"location_onAlmadies 2, Dakar, Sénégal",https://images.coinafrique.com/thumb_4894355_uploaded_image1_1723654678.jpg
Chiot Berger Malinois,130 000CFA,"location_onMbao, Dakar, Sénégal",https://images.coinafrique.com/thumb_4894008_uploaded_image1_1723642785.jpg
Chiot Husky,400 000CFA,"location_onKeur Massar, Sénégal",https://images.coinafrique.com/thumb_4893706_uploaded_image1_1723634647.jpg
Chiot femelle caniche,150 000CFA,"location_onThies, Sénégal",https://images.coinafrique.com/thumb_4893046_uploaded_image1_1723590343.jpg
Chiot Berger Allemand,150 000CFA,"location_onDakar, Sénégal",https://images.coinafrique.com/thumb_4892261_uploaded_image1_1723561480.jpg
Berger allemand,150 000CFA,"location_onKeur Massar, Sénégal",https://images.coinafrique.com/thumb_4888701_uploaded_image1_1723387152.jpg
Chiot Berger Malinois,300 000CFA,"location_onMbour, Sénégal",https://images.coinafrique.com/thumb_4887929_uploaded_image1_1723329270.jpg
Vente de chiots,130 000CFA,"location_onAlmadies, Dakar, Sénégal",https://images.coinafrique.com/thumb_4885713_uploaded_image1_1723206642.jpg
Berger Allemand,150 000CFA,"location_onAlmadies 2, Dakar, Sénégal",https://images.coinafrique.com/thumb_4885136_uploaded_image1_1723173479.jpg
Pitbull,135 000CFA,"location_onAlmadies 2, Dakar, Sénégal",https://images.coinafrique.com/thumb_4885134_uploaded_image1_1723173253.jpg
Golden Retriever,300 000CFA,"location_onAlmadies 2, Dakar, Sénégal",https://images.coinafrique.com/thumb_4885131_uploaded_image1_1723173005.jpg
Chiot Berger Allemand,150 000CFA,"location_onDakar, Sénégal",https://images.coinafrique.com/thumb_4884833_uploaded_image1_1723151589.jpg
Chiot Berger Allemand,150 000CFA,"location_onCambérène, Dakar, Sénégal",https://images.coinafrique.com/thumb_4875998_uploaded_image1_1722728517.jpg
Chiot berger malinois,150 000CFA,"location_onKeur Massar, Sénégal",https://images.coinafrique.com/thumb_4868594_uploaded_image1_1722382090.jpg
Chiot Caniche,150 000CFA,"location_onThies, Sénégal",https://images.coinafrique.com/thumb_4867390_uploaded_image1_1722338649.jpg
Bichons maltin pure race,250 000CFA,"location_onHLM, Dakar, Sénégal",https://images.coinafrique.com/thumb_4865327_uploaded_image1_1722209598.jpg
Chiots berger allemand,150 000CFA,"location_onKeur Massar, Sénégal",https://images.coinafrique.com/thumb_4858734_uploaded_image1_1721829571.jpg
Chiot Dogo argentino,Prix sur demande,"location_onThies, Sénégal",https://images.coinafrique.com/thumb_4853893_uploaded_image1_1721578319.jpg
Chiots Golden retriever,650 000CFA,"location_onDakar Plateau, Dakar, Sénégal",https://images.coinafrique.com/thumb_4853861_uploaded_image1_1721576301.jpg
Chiot Chiwawa,550 000CFA,"location_onDakar Plateau, Dakar, Sénégal",https://images.coinafrique.com/thumb_4853647_uploaded_image1_1721564020.jpg
Chiot Husky,200 000CFA,"location_onMbour, Sénégal",https://images.coinafrique.com/thumb_4852383_uploaded_image1_1721477152.jpg
Chiot Cane Corso,Prix sur demande,"location_onMariste, Dakar, Sénégal",https://images.coinafrique.com/thumb_4851447_uploaded_image1_1721414706.jpg
Chiot Belgian Malinois charbonne,250 000CFA,"location_onYoff, Dakar, Sénégal",https://images.coinafrique.com/thumb_4850412_uploaded_image1_1721376820.jpg
Chiots Rottweiler,250 000CFA,"location_onMariste, Dakar, Sénégal",https://images.coinafrique.com/thumb_4848898_uploaded_image1_1721301203.jpg
Chiots spitz nain,800 000CFA,"location_onDakar Plateau, Dakar, Sénégal",https://images.coinafrique.com/thumb_4845887_uploaded_image1_1721141629.jpg
Berger allemand,150 000CFA,"location_onDiamniadio, Sénégal",https://images.coinafrique.com/thumb_4845561_uploaded_image1_1721130362.jpg
Chien Bichon,160 000CFA,"location_onSicap Liberté, Dakar, Sénégal",https://images.coinafrique.com/thumb_4844767_uploaded_image1_1721086997.jpg
Berger Allemand,150 000CFA,"location_onCambérène, Dakar, Sénégal",https://images.coinafrique.com/thumb_4840125_uploaded_image1_1720797730.jpg
Chiots Berger Allemand,350 000CFA,"location_onParcelle Assainies, Dakar, Sénégal",https://images.coinafrique.com/thumb_4837526_uploaded_image1_1720683729.jpg
Berger Allemand poil long,150 000CFA,"location_onThies, Sénégal",https://images.coinafrique.com/thumb_4834152_uploaded_image1_1720526802.jpg
Chiens de race,250 000CFA,"location_onHLM, Dakar, Sénégal",https://images.coinafrique.com/thumb_4829755_uploaded_image1_1720296424.jpg
Chiens de race,500 000CFA,"location_onHLM, Dakar, Sénégal",https://images.coinafrique.com/thumb_4829728_uploaded_image1_1720295748.jpg
Chiots Malinois,300 000CFA,"location_onThies, Sénégal",https://images.coinafrique.com/thumb_4828053_uploaded_image1_1720201778.jpg
Chiots Berger Allemand,160 000CFA,"location_onCambérène, Dakar, Sénégal",https://images.coinafrique.com/thumb_4817314_uploaded_image1_1719692246.jpg
Chiot Husky pur sang,250 000CFA,"location_onOuest Foire, Dakar, Sénégal",https://images.coinafrique.com/thumb_4814513_uploaded_image1_1719531765.jpg
Bichon maltais,145 000CFA,"location_onDieuppeul-Derklé, Dakar, Sénégal",https://images.coinafrique.com/thumb_4812592_uploaded_image1_1719436345.jpg
Chiots dog canaries,Prix sur demande,"location_onKeur Massar, Sénégal",https://images.coinafrique.com/thumb_4808208_uploaded_image1_1719236144.jpg
Chiot Malinois 4 mois,275CFA,"location_onDakar, Sénégal",https://images.coinafrique.com/thumb_4807147_uploaded_image2_1719173692.jpeg
Chien Malinois,77 963 888CFA,"location_onDakar, Sénégal",https://images.coinafrique.com/thumb_4806294_uploaded_image1_1719106703.jpg
Bichon Maltais,779 638 883CFA,"location_onDakar, Sénégal",https://images.coinafrique.com/thumb_4806292_uploaded_image1_1719106602.jpg
Chiot malinois femelle,250 000CFA,"location_onSaly, Sénégal",https://images.coinafrique.com/thumb_4795597_uploaded_image1_1718373916.jpg
Berger allemand pure sang,160 000CFA,"location_onMbour, Sénégal",https://images.coinafrique.com/thumb_4779635_uploaded_image1_1717531124.jpg
Chiots Berger Allemand,400 000CFA,"location_onMbour, Sénégal",https://images.coinafrique.com/thumb_4764005_uploaded_image1_1716798431.jpg
Chiots Berger XL,250 000CFA,"location_onSaly, Sénégal",https://images.coinafrique.com/thumb_4758802_uploaded_image1_1716485273.jpg
Chiot Malinois,290CFA,"location_onDakar, Sénégal",https://images.coinafrique.com/thumb_4755803_uploaded_image1_1716366578.jpg
Chien Husky,300 000CFA,"location_onOuest Foire, Dakar, Sénégal",https://images.coinafrique.com/thumb_4755258_uploaded_image1_1716323395.jpg
Chiots,Prix sur demande,"location_onThies, Sénégal",https://images.coinafrique.com/thumb_4746939_uploaded_image1_1715867384.jpg
Chiots,20 000CFA,"location_onGorée, Dakar, Sénégal",https://images.coinafrique.com/thumb_4740260_uploaded_image1_1715562134.jpg
Chiot Bichon,150 000CFA,"location_onGrand Yoff, Dakar, Sénégal",https://images.coinafrique.com/thumb_4739575_uploaded_image1_1715527231.jpg
Rottweiler,300 000CFA,"location_onDakar, Sénégal",https://images.coinafrique.com/thumb_4727689_uploaded_image1_1714948146.jpg
Berger Allemand Femelle,500 000CFA,"location_onDakar, Sénégal",https://images.coinafrique.com/thumb_4717577_uploaded_image1_1714468820.jpg
Chien Berger Allemand,200 000CFA,"location_onGuediawaye, Dakar, Sénégal",https://images.coinafrique.com/thumb_4716925_uploaded_image1_1714422080.jpg
Femelle Apbt Brinze,250 000CFA,"location_onDakar, Sénégal",https://images.coinafrique.com/thumb_4711619_uploaded_image1_1714093089.jpg
Chiot Malinois,779 638 883CFA,"location_onDakar, Sénégal",https://images.coinafrique.com/thumb_4695228_uploaded_image1_1713282119.jpg
Chiot Berger Allemand,Prix sur demande,"location_onFann, Dakar, Sénégal",https://images.coinafrique.com/thumb_4692205_uploaded_image1_1713147032.jpg
Chiot Berger Allemand,200 000CFA,"location_onFann, Dakar, Sénégal",https://images.coinafrique.com/thumb_4692204_uploaded_image1_1713146736.jpg
Chien Berger Belge Malinois,250 000CFA,"location_onMbao, Dakar, Sénégal",https://images.coinafrique.com/thumb_4687438_uploaded_image1_1712878170.jpg
Chiot Bichon Maltais,777 621 466CFA,"location_onDakar, Sénégal",https://images.coinafrique.com/thumb_4683644_uploaded_image1_1712667997.jpg
Chiots Malinois,Prix sur demande,"location_onMbao, Dakar, Sénégal",https://images.coinafrique.com/thumb_4681737_uploaded_image1_1712574717.jpg
Chiot Ridgback,500 000CFA,"location_onDiamniadio, Sénégal",https://images.coinafrique.com/thumb_4680610_uploaded_image1_1712497780.jpg
Malinois mal,250CFA,"location_onDakar, Sénégal",https://images.coinafrique.com/thumb_4679677_uploaded_image1_1712423347.jpg
Chien Berger Allemand,310 000CFA,"location_onRufisque, Sénégal",https://images.coinafrique.com/thumb_4679501_uploaded_image1_1712415418.jpg
Chiots Bichons Maltais,100 000CFA,"location_onOuest Foire, Dakar, Sénégal",https://images.coinafrique.com/thumb_4672174_uploaded_image1_1712086423.jpg
Chiot Berger Allemand,150 000CFA,"location_onGuediawaye, Dakar, Sénégal",https://images.coinafrique.com/thumb_4670652_uploaded_image1_1712025834.jpg
Chiot Malinois,250 000CFA,"location_onRufisque, Sénégal",https://images.coinafrique.com/thumb_4667946_uploaded_image1_1711887848.jpg
Chiot Boerbull,Prix sur demande,"location_onDakar, Sénégal",https://images.coinafrique.com/thumb_4664453_uploaded_image1_1711641058.jpg
Chiot Boerbull,Prix sur demande,"location_onDakar, Sénégal",https://images.coinafrique.com/thumb_4664447_uploaded_image1_1711640943.jpg
Chiot Berger Allemand,250 000CFA,"location_onDakar, Sénégal",https://images.coinafrique.com/thumb_4660990_uploaded_image1_1711470133.jpg
Chiot Berger Allemand,160 000CFA,"location_onDakar, Sénégal",https://images.coinafrique.com/thumb_4659440_uploaded_image1_1711400521.jpg
Chien Berger allemand,175 000CFA,"location_onDakar, Sénégal",https://images.coinafrique.com/thumb_4657472_uploaded_image1_1711294709.jpg
Chiot Berger Allemand,Prix sur demande,"location_onPikine, Sénégal",https://images.coinafrique.com/thumb_4653887_uploaded_image1_1711074324.jpg
Chiots Golden Retriever,650 000CFA,"location_onDakar Plateau, Dakar, Sénégal",https://images.coinafrique.com/thumb_4652247_uploaded_image1_1710993916.jpg
Chiot Berger Allemand mâle,180 000CFA,"location_onDakar, Sénégal",https://images.coinafrique.com/thumb_4636694_uploaded_image1_1710171190.jpg
Caniche,200 000CFA,"location_onDakar, Sénégal",https://images.coinafrique.com/thumb_4634226_uploaded_image1_1710001956.jpg
Chien Berger Femelle adulte,500 000CFA,"location_onDakar, Sénégal",https://images.coinafrique.com/thumb_4630010_uploaded_image1_1709800534.jpg
Chiot Malinois,300 000CFA,"location_onDakar, Sénégal",https://images.coinafrique.com/thumb_4618143_uploaded_image1_1709220344.jpg
Bichon,150 000CFA,"location_onMariste, Dakar, Sénégal",https://images.coinafrique.com/thumb_4611544_uploaded_image1_1708894607.jpg
Chien Berger Allemand,Prix sur demande,"location_onDakar, Sénégal",https://images.coinafrique.com/thumb_4609624_uploaded_image1_1708767944.jpg
Chien Boerboel,275 000CFA,"location_onDiamniadio, Sénégal",https://images.coinafrique.com/thumb_4607340_uploaded_image1_1708639477.jpg
Chiens boerbulls,Prix sur demande,"location_onDiamniadio, Sénégal",https://images.coinafrique.com/thumb_4606579_uploaded_image1_1708609223.jpg
Chiens berger allemand,Prix sur demande,"location_onDakar, Sénégal",https://images.coinafrique.com/thumb_4604923_uploaded_image1_1708530320.jpg
Chien Berger Belge Malinois,300 000CFA,"location_onMbao, Dakar, Sénégal",https://images.coinafrique.com/thumb_4599516_uploaded_image1_1708272132.jpg
Chiot Bichon,100 000CFA,"location_onThies, Sénégal",https://images.coinafrique.com/thumb_4595120_uploaded_image1_1708002349.jpg
Chiot Bichon maltais,150 000CFA,"location_onOuakam, Dakar, Sénégal",https://images.coinafrique.com/thumb_4592152_uploaded_image1_1707841961.jpg
Bichon maltais femelle,130 000CFA,"location_onAlmadies 2, Dakar, Sénégal",https://images.coinafrique.com/thumb_4583262_uploaded_image1_1707324718.jpg
Chien Boerboel,250CFA,"location_onDakar, Sénégal",https://images.coinafrique.com/thumb_4580660_uploaded_image1_1707214130.jpg
Chien American Bully,Prix sur demande,"location_onThies, Sénégal",https://images.coinafrique.com/thumb_4579870_uploaded_image1_1707162831.jpg
Chiot Chihuahua pure race,100 000CFA,"location_onDiamniadio, Sénégal",https://images.coinafrique.com/thumb_5180835_uploaded_image1_1739284491.jpg
Chiots Dogo Canario,Prix sur demande,"location_onDakar, Sénégal",https://images.coinafrique.com/thumb_5178208_uploaded_image1_1739149958.jpg
